Participant,Session,Block,Task,Order,ComplementaryOri,Trial,OnsetDelay,Orientation,WidegetInitialOri,Color,ColorIsTarget,ColorResponse,ColorRT,OrientationResponse,OrientationRT
KGH1988W,2024-07-09-14-01-36,1,single,color,True,1,1.627,-40,-47.3,2s,True,distractor,2.619,,
KGH1988W,2024-07-09-14-01-36,1,single,color,True,2,0.919,-30,-58.6,p1,True,target,0.751,,
KGH1988W,2024-07-09-14-01-36,1,single,color,True,3,0.978,-65,-25.1,s1,False,distractor,1.452,,
KGH1988W,2024-07-09-14-01-36,1,single,color,True,4,0.935,-55,-58.5,1p,False,distractor,0.968,,
KGH1988W,2024-07-09-14-01-36,1,single,color,True,5,0.792,-35,-30.6,2p,False,distractor,0.667,,
KGH1988W,2024-07-09-14-01-36,1,single,color,True,6,0.605,-60,-30.0,s2,False,distractor,2.869,,
KGH1988W,2024-07-09-14-01-36,1,single,color,True,7,0.752,-45,-59.8,p2,True,target,0.551,,
KGH1988W,2024-07-09-14-01-36,1,single,color,True,8,0.549,-25,-58.6,1s,True,distractor,0.734,,
KGH1988W,2024-07-09-14-01-36,1,single,color,True,9,0.897,-50,-36.8,s2,False,distractor,1.585,,
KGH1988W,2024-07-09-14-01-36,2,single,random,False,1,1.517,30,51.9,s1,False,distractor,1.585,51.9,3.203
KGH1988W,2024-07-09-14-01-36,2,single,random,False,2,0.655,45,55.3,p2,True,distractor,1.585,48.3,10.092
KGH1988W,2024-07-09-14-01-36,2,single,random,False,3,0.85,60,47.5,2p,False,distractor,1.585,49.5,3.67
KGH1988W,2024-07-09-14-01-36,2,single,random,False,4,0.886,50,58.2,1p,False,distractor,1.585,51.2,3.17
KGH1988W,2024-07-09-14-01-36,2,single,random,False,5,0.68,35,43.6,p1,True,distractor,1.585,25.6,3.403
KGH1988W,2024-07-09-14-01-36,2,single,random,False,6,0.952,40,43.6,2s,True,distractor,1.585,46.6,1.902
KGH1988W,2024-07-09-14-01-36,2,single,random,False,7,0.866,25,53.8,1s,True,distractor,1.585,27.8,2.402
KGH1988W,2024-07-09-14-01-36,2,single,random,False,8,0.634,65,48.4,s1,False,distractor,1.585,72.4,5.922
KGH1988W,2024-07-09-14-01-36,2,single,random,False,9,0.825,55,43.2,1s,True,distractor,1.585,60.2,3.286
KGH1988W,2024-07-09-14-01-36,3,single,random,True,1,1.577,-60,-63.8,p1,True,distractor,1.585,-63.8,0.834
KGH1988W,2024-07-09-14-01-36,3,single,random,True,2,0.963,-50,-63.9,s2,False,distractor,1.585,-55.9,2.669
KGH1988W,2024-07-09-14-01-36,3,single,random,True,3,0.98,-55,-50.8,2s,True,distractor,1.585,-50.8,0.534
KGH1988W,2024-07-09-14-01-36,3,single,random,True,4,0.685,-40,-56.5,p2,True,distractor,1.585,-35.5,3.32
KGH1988W,2024-07-09-14-01-36,3,single,random,True,5,0.884,-35,-37.1,1p,False,distractor,1.585,-37.1,0.617
KGH1988W,2024-07-09-14-01-36,3,single,random,True,6,0.677,-25,-57.0,2p,False,distractor,1.585,-13.0,4.354
KGH1988W,2024-07-09-14-01-36,3,single,random,True,7,0.927,-30,-58.3,p1,True,distractor,1.585,-36.3,3.72
KGH1988W,2024-07-09-14-01-36,3,single,random,True,8,0.736,-65,-41.2,p2,True,distractor,1.585,-61.2,2.235
KGH1988W,2024-07-09-14-01-36,3,single,random,True,9,0.688,-45,-60.4,s2,False,distractor,1.585,-46.4,3.069
KGH1988W,2024-07-09-14-01-36,4,single,descending,False,1,1.559,65,62.7,s1,False,distractor,1.585,71.7,3.053
KGH1988W,2024-07-09-14-01-36,4,single,descending,False,2,0.981,60,34.4,1p,False,distractor,1.585,70.4,4.237
KGH1988W,2024-07-09-14-01-36,4,single,descending,False,3,0.799,55,42.6,2s,True,distractor,1.585,58.6,2.452
KGH1988W,2024-07-09-14-01-36,4,single,descending,False,4,0.745,50,51.4,1s,True,distractor,1.585,51.4,1.235
KGH1988W,2024-07-09-14-01-36,4,single,descending,False,5,0.585,45,38.5,2p,False,distractor,1.585,47.5,3.47
KGH1988W,2024-07-09-14-01-36,4,single,descending,False,6,0.694,40,57.6,p1,True,distractor,1.585,43.6,5.355
KGH1988W,2024-07-09-14-01-36,4,single,descending,False,7,0.706,35,62.0,s1,False,distractor,1.585,41.0,3.403
KGH1988W,2024-07-09-14-01-36,4,single,descending,False,8,0.587,30,44.6,2s,True,distractor,1.585,33.6,3.12
KGH1988W,2024-07-09-14-01-36,4,single,descending,False,9,0.659,25,57.9,1s,True,distractor,1.585,20.9,3.67
KGH1988W,2024-07-09-14-01-36,5,dual,ascending,True,1,1.756,-65,-53.6,s2,False,distractor,3.186,-53.6,3.603
KGH1988W,2024-07-09-14-01-36,5,dual,ascending,True,2,0.667,-60,-46.1,1p,False,distractor,1.251,-46.1,3.403
KGH1988W,2024-07-09-14-01-36,5,dual,ascending,True,3,0.856,-55,-40.1,p2,True,target,2.435,-54.1,2.869
KGH1988W,2024-07-09-14-01-36,5,dual,ascending,True,4,0.642,-50,-64.7,2p,False,distractor,0.851,49.3,8.19
KGH1988W,2024-07-09-14-01-36,5,dual,ascending,True,5,0.524,-45,-32.0,2p,False,distractor,2.252,-50.0,2.202
KGH1988W,2024-07-09-14-01-36,5,dual,ascending,True,6,0.821,-40,-40.2,p2,True,target,2.319,-44.2,1.284
KGH1988W,2024-07-09-14-01-36,5,dual,ascending,True,7,0.531,-35,-55.8,2s,True,distractor,1.318,-34.8,2.068
KGH1988W,2024-07-09-14-01-36,5,dual,ascending,True,8,0.777,-30,-60.4,s2,False,distractor,1.952,-28.4,3.486
KGH1988W,2024-07-09-14-01-36,5,dual,ascending,True,9,0.688,-25,-48.8,1s,True,target,2.736,-17.8,2.919
KGH1988W,2024-07-09-14-01-36,6,single,ascending,False,1,1.863,25,37.0,1p,False,target,2.736,37.0,3.77
KGH1988W,2024-07-09-14-01-36,6,single,ascending,False,2,0.926,30,51.1,s1,False,target,2.736,38.1,2.436
KGH1988W,2024-07-09-14-01-36,6,single,ascending,False,3,0.58,35,38.9,p1,True,target,2.736,38.9,0.901
KGH1988W,2024-07-09-14-01-36,6,single,ascending,False,4,0.833,40,46.7,1s,True,target,2.736,46.7,0.467
KGH1988W,2024-07-09-14-01-36,6,single,ascending,False,5,0.888,45,45.2,s1,False,target,2.736,45.2,0.868
KGH1988W,2024-07-09-14-01-36,6,single,ascending,False,6,0.895,50,53.5,p1,True,target,2.736,53.5,2.636
KGH1988W,2024-07-09-14-01-36,6,single,ascending,False,7,0.866,55,58.2,s2,False,target,2.736,58.2,0.834
KGH1988W,2024-07-09-14-01-36,6,single,ascending,False,8,0.763,60,32.2,2p,False,target,2.736,66.2,4.004
KGH1988W,2024-07-09-14-01-36,6,single,ascending,False,9,0.57,65,27.1,p2,True,target,2.736,62.1,3.353
KGH1988W,2024-07-09-14-01-36,7,dual,random,True,1,1.998,-25,-63.2,1p,False,distractor,1.068,-26.2,3.803
KGH1988W,2024-07-09-14-01-36,7,dual,random,True,2,0.542,-60,-59.1,2s,True,target,2.252,-56.1,1.835
KGH1988W,2024-07-09-14-01-36,7,dual,random,True,3,0.523,-35,-48.6,p2,True,distractor,3.086,-21.6,2.452
KGH1988W,2024-07-09-14-01-36,7,dual,random,True,4,0.885,-30,-32.7,2p,False,distractor,3.069,-32.7,0.584
KGH1988W,2024-07-09-14-01-36,7,dual,random,True,5,0.677,-45,-45.9,s2,False,distractor,2.986,-32.9,2.202
KGH1988W,2024-07-09-14-01-36,7,dual,random,True,6,0.697,-55,-38.5,s1,False,distractor,2.486,-38.5,0.7
KGH1988W,2024-07-09-14-01-36,7,dual,random,True,7,0.852,-65,-48.7,2s,True,target,0.784,-59.7,4.487
KGH1988W,2024-07-09-14-01-36,7,dual,random,True,8,0.963,-50,-54.8,p1,True,target,5.071,-54.8,1.218
KGH1988W,2024-07-09-14-01-36,7,dual,random,True,9,0.952,-40,-27.0,1s,True,distractor,2.119,-55.0,3.319
KGH1988W,2024-07-09-14-01-36,8,dual,descending,False,1,1.783,65,33.5,1p,False,distractor,3.903,118.5,4.921
KGH1988W,2024-07-09-14-01-36,8,dual,descending,False,2,0.829,60,39.8,1s,True,target,1.985,46.8,1.701
KGH1988W,2024-07-09-14-01-36,8,dual,descending,False,3,0.564,55,30.7,p1,True,distractor,1.268,51.7,1.968
KGH1988W,2024-07-09-14-01-36,8,dual,descending,False,4,0.975,50,29.6,s1,False,distractor,2.035,57.6,3.186
KGH1988W,2024-07-09-14-01-36,8,dual,descending,False,5,0.578,45,34.2,1p,False,distractor,3.103,38.2,1.485
KGH1988W,2024-07-09-14-01-36,8,dual,descending,False,6,0.927,40,53.1,2p,False,distractor,1.869,53.1,0.951
KGH1988W,2024-07-09-14-01-36,8,dual,descending,False,7,0.816,35,34.9,2s,True,target,1.768,36.9,1.501
KGH1988W,2024-07-09-14-01-36,8,dual,descending,False,8,0.848,30,64.8,p2,True,target,0.767,34.8,2.802
KGH1988W,2024-07-09-14-01-36,8,dual,descending,False,9,0.951,25,32.3,s2,False,target,3.653,41.3,1.468
KGH1988W,2024-07-09-14-01-36,9,dual,random,True,1,1.772,-25,-42.9,p1,True,target,1.685,-42.9,0.651
KGH1988W,2024-07-09-14-01-36,9,dual,random,True,2,0.922,-35,-63.1,1p,False,distractor,0.651,-26.1,3.17
KGH1988W,2024-07-09-14-01-36,9,dual,random,True,3,0.573,-30,-26.7,1s,True,target,5.371,-31.7,2.252
KGH1988W,2024-07-09-14-01-36,9,dual,random,True,4,0.699,-50,-49.2,p2,True,target,1.301,-32.2,1.685
KGH1988W,2024-07-09-14-01-36,9,dual,random,True,5,0.653,-45,-27.0,2p,False,distractor,0.567,-49.0,2.702
KGH1988W,2024-07-09-14-01-36,9,dual,random,True,6,0.847,-65,-28.8,s1,False,distractor,0.951,-55.8,3.553
KGH1988W,2024-07-09-14-01-36,9,dual,random,True,7,0.746,-40,-52.6,s2,False,distractor,2.019,-38.6,3.036
KGH1988W,2024-07-09-14-01-36,9,dual,random,True,8,0.998,-55,-60.4,2s,True,target,1.401,-46.4,1.868
KGH1988W,2024-07-09-14-01-36,9,dual,random,True,9,0.773,-60,-60.6,s1,False,distractor,4.237,-41.6,2.385
KGH1988W,2024-07-09-14-01-36,10,dual,descending,False,1,1.761,65,38.0,p2,True,target,2.486,57.0,1.501
KGH1988W,2024-07-09-14-01-36,10,dual,descending,False,2,0.968,60,63.6,2s,True,target,1.618,53.6,1.401
KGH1988W,2024-07-09-14-01-36,10,dual,descending,False,3,0.855,55,29.8,s2,False,target,1.535,45.8,1.684
KGH1988W,2024-07-09-14-01-36,10,dual,descending,False,4,0.66,50,27.6,p1,True,target,0.551,44.6,1.735
KGH1988W,2024-07-09-14-01-36,10,dual,descending,False,5,0.845,45,31.1,2p,False,distractor,0.984,43.1,1.618
KGH1988W,2024-07-09-14-01-36,10,dual,descending,False,6,0.849,40,56.0,1p,False,distractor,1.201,56.0,0.934
KGH1988W,2024-07-09-14-01-36,10,dual,descending,False,7,0.631,35,32.3,1s,True,target,0.884,39.3,1.334
KGH1988W,2024-07-09-14-01-36,10,dual,descending,False,8,0.929,30,59.3,1s,True,target,1.685,39.3,2.235
KGH1988W,2024-07-09-14-01-36,10,dual,descending,False,9,0.633,25,60.7,1p,False,distractor,0.934,48.7,2.702
KGH1988W,2024-07-09-14-01-36,11,single,descending,True,1,1.595,-25,-59.7,s1,False,distractor,0.934,-22.7,3.286
KGH1988W,2024-07-09-14-01-36,11,single,descending,True,2,0.636,-30,-28.9,2s,True,distractor,0.934,-28.9,0.918
KGH1988W,2024-07-09-14-01-36,11,single,descending,True,3,0.771,-35,-52.2,2p,False,distractor,0.934,-39.2,2.853
KGH1988W,2024-07-09-14-01-36,11,single,descending,True,4,0.822,-40,-56.9,s2,False,distractor,0.934,-44.9,1.402
KGH1988W,2024-07-09-14-01-36,11,single,descending,True,5,0.51,-45,-29.5,p2,True,distractor,0.934,-49.5,2.669
KGH1988W,2024-07-09-14-01-36,11,single,descending,True,6,0.733,-50,-56.8,p1,True,distractor,0.934,-56.8,1.168
KGH1988W,2024-07-09-14-01-36,11,single,descending,True,7,0.83,-55,-50.0,s1,False,distractor,0.934,-60.0,2.519
KGH1988W,2024-07-09-14-01-36,11,single,descending,True,8,0.628,-60,-35.0,2s,True,distractor,0.934,-65.0,3.17
KGH1988W,2024-07-09-14-01-36,11,single,descending,True,9,0.53,-65,-58.6,p1,True,distractor,0.934,-61.6,2.019
KGH1988W,2024-07-09-14-01-36,12,dual,ascending,False,1,1.607,25,35.7,s2,False,distractor,2.469,35.7,0.767
KGH1988W,2024-07-09-14-01-36,12,dual,ascending,False,2,0.952,30,53.7,1p,False,distractor,0.667,33.7,1.852
KGH1988W,2024-07-09-14-01-36,12,dual,ascending,False,3,0.548,35,63.9,1s,True,target,1.001,38.9,1.918
KGH1988W,2024-07-09-14-01-36,12,dual,ascending,False,4,0.904,40,39.0,2p,False,distractor,0.584,39.0,0.684
KGH1988W,2024-07-09-14-01-36,12,dual,ascending,False,5,0.713,45,34.5,p2,True,target,0.434,45.5,1.635
KGH1988W,2024-07-09-14-01-36,12,dual,ascending,False,6,0.925,50,40.5,s2,False,target,1.468,46.5,1.751
KGH1988W,2024-07-09-14-01-36,12,dual,ascending,False,7,0.987,55,46.8,1s,True,target,1.969,46.8,0.617
KGH1988W,2024-07-09-14-01-36,12,dual,ascending,False,8,0.882,60,28.7,s1,False,distractor,0.834,53.7,3.169
KGH1988W,2024-07-09-14-01-36,12,dual,ascending,False,9,0.668,65,39.6,p1,True,target,0.984,46.6,2.118
KGH1988W,2024-07-09-14-01-36,13,single,random,True,1,1.573,-65,-49.1,p2,True,target,0.984,-62.1,1.952
KGH1988W,2024-07-09-14-01-36,13,single,random,True,2,0.683,-55,-61.5,2p,False,target,0.984,-61.5,0.818
KGH1988W,2024-07-09-14-01-36,13,single,random,True,3,0.858,-45,-29.5,1p,False,target,0.984,-50.5,3.236
KGH1988W,2024-07-09-14-01-36,13,single,random,True,4,0.616,-30,-33.7,2s,True,target,0.984,-33.7,0.901
KGH1988W,2024-07-09-14-01-36,13,single,random,True,5,0.833,-40,-40.7,2s,True,target,0.984,-40.7,0.651
KGH1988W,2024-07-09-14-01-36,13,single,random,True,6,0.995,-60,-48.6,1s,True,target,0.984,-63.6,2.069
KGH1988W,2024-07-09-14-01-36,13,single,random,True,7,0.956,-50,-52.3,p2,True,target,0.984,-52.3,0.751
KGH1988W,2024-07-09-14-01-36,13,single,random,True,8,0.521,-25,-59.1,2p,False,target,0.984,-20.1,4.054
KGH1988W,2024-07-09-14-01-36,13,single,random,True,9,0.716,-35,-33.5,s2,False,target,0.984,-33.5,1.318
KGH1988W,2024-07-09-14-01-36,14,single,ascending,False,1,1.91,25,43.7,1p,False,target,0.984,27.7,2.836
KGH1988W,2024-07-09-14-01-36,14,single,ascending,False,2,0.921,30,63.4,s1,False,target,0.984,27.4,2.969
KGH1988W,2024-07-09-14-01-36,14,single,ascending,False,3,0.614,35,51.8,p1,True,target,0.984,39.8,2.052
KGH1988W,2024-07-09-14-01-36,14,single,ascending,False,4,0.76,40,28.8,s2,False,target,0.984,42.8,2.185
KGH1988W,2024-07-09-14-01-36,14,single,ascending,False,5,0.561,45,42.7,2s,True,target,0.984,42.7,0.567
KGH1988W,2024-07-09-14-01-36,14,single,ascending,False,6,0.868,50,60.1,s1,False,target,0.984,52.1,1.969
KGH1988W,2024-07-09-14-01-36,14,single,ascending,False,7,0.692,55,59.5,p1,True,target,0.984,59.5,0.784
KGH1988W,2024-07-09-14-01-36,14,single,ascending,False,8,0.923,60,60.3,1s,True,target,0.984,60.3,0.634
KGH1988W,2024-07-09-14-01-36,14,single,ascending,False,9,0.773,65,30.7,1p,False,target,0.984,63.7,3.37
KGH1988W,2024-07-09-14-01-36,15,single,ascending,True,1,1.867,-65,-33.2,2p,False,target,0.984,-64.2,2.969
KGH1988W,2024-07-09-14-01-36,15,single,ascending,True,2,0.861,-60,-34.2,p2,True,target,0.984,-70.2,3.236
KGH1988W,2024-07-09-14-01-36,15,single,ascending,True,3,0.613,-55,-48.6,s2,False,target,0.984,-48.6,0.751
KGH1988W,2024-07-09-14-01-36,15,single,ascending,True,4,0.556,-50,-53.7,2p,False,target,0.984,-53.7,0.701
KGH1988W,2024-07-09-14-01-36,15,single,ascending,True,5,0.963,-45,-60.0,s1,False,target,0.984,-48.0,2.152
KGH1988W,2024-07-09-14-01-36,15,single,ascending,True,6,0.586,-40,-42.5,p2,True,target,0.984,-42.5,2.035
KGH1988W,2024-07-09-14-01-36,15,single,ascending,True,7,0.97,-35,-58.6,p1,True,target,0.984,-33.6,3.036
KGH1988W,2024-07-09-14-01-36,15,single,ascending,True,8,0.529,-30,-63.8,1s,True,target,0.984,-32.8,3.003
KGH1988W,2024-07-09-14-01-36,15,single,ascending,True,9,0.549,-25,-56.2,1p,False,target,0.984,-14.2,3.603
KGH1988W,2024-07-09-14-01-36,16,single,random,False,1,1.688,40,36.9,2s,True,target,0.984,36.9,1.051
KGH1988W,2024-07-09-14-01-36,16,single,random,False,2,0.878,60,36.7,1p,False,target,0.984,58.7,2.269
KGH1988W,2024-07-09-14-01-36,16,single,random,False,3,0.751,30,49.8,s1,False,target,0.984,30.8,2.319
KGH1988W,2024-07-09-14-01-36,16,single,random,False,4,0.881,45,49.2,p2,True,target,0.984,46.2,0.901
KGH1988W,2024-07-09-14-01-36,16,single,random,False,5,0.542,35,61.5,p1,True,target,0.984,42.5,2.486
KGH1988W,2024-07-09-14-01-36,16,single,random,False,6,0.655,25,29.6,1s,True,target,0.984,22.6,1.118
KGH1988W,2024-07-09-14-01-36,16,single,random,False,7,0.622,50,35.7,s2,False,target,0.984,53.7,2.688
KGH1988W,2024-07-09-14-01-36,16,single,random,False,8,0.801,65,27.0,2p,False,target,0.984,75.0,5.355
KGH1988W,2024-07-09-14-01-36,16,single,random,False,9,0.699,55,31.3,2s,True,target,0.984,67.3,6.989
KGH1988W,2024-07-09-14-01-36,17,dual,descending,True,1,1.542,-25,-44.8,1p,False,distractor,0.584,-140.8,6.322
KGH1988W,2024-07-09-14-01-36,17,dual,descending,True,2,0.914,-30,-42.7,2s,True,target,1.034,-42.7,0.651
KGH1988W,2024-07-09-14-01-36,17,dual,descending,True,3,0.688,-35,-29.6,2p,False,distractor,0.634,-29.6,0.767
KGH1988W,2024-07-09-14-01-36,17,dual,descending,True,4,0.689,-40,-33.3,p1,True,target,0.534,-33.3,0.584
KGH1988W,2024-07-09-14-01-36,17,dual,descending,True,5,0.83,-45,-46.6,s1,False,distractor,1.702,-46.6,0.4
KGH1988W,2024-07-09-14-01-36,17,dual,descending,True,6,0.557,-50,-26.3,1s,True,target,0.901,-26.3,0.317
KGH1988W,2024-07-09-14-01-36,17,dual,descending,True,7,0.871,-55,-33.5,p2,True,target,0.952,-56.5,2.102
KGH1988W,2024-07-09-14-01-36,17,dual,descending,True,8,0.679,-60,-64.2,s2,False,distractor,2.536,-64.2,1.287
KGH1988W,2024-07-09-14-01-36,17,dual,descending,True,9,0.518,-65,-58.1,1p,False,distractor,0.901,-58.1,4.02
KGH1988W,2024-07-09-14-01-36,18,dual,random,False,1,1.753,50,41.3,p1,True,target,0.868,41.3,0.984
KGH1988W,2024-07-09-14-01-36,18,dual,random,False,2,0.771,65,52.2,p2,True,target,0.451,52.2,0.367
KGH1988W,2024-07-09-14-01-36,18,dual,random,False,3,0.532,30,27.4,2s,True,distractor,0.751,48.4,2.585
KGH1988W,2024-07-09-14-01-36,18,dual,random,False,4,0.646,40,38.4,1s,True,target,0.734,39.4,0.434
KGH1988W,2024-07-09-14-01-36,18,dual,random,False,5,0.794,55,64.9,s1,False,distractor,0.651,64.9,0.334
KGH1988W,2024-07-09-14-01-36,18,dual,random,False,6,0.566,25,26.5,2p,False,distractor,0.918,26.5,0.484
KGH1988W,2024-07-09-14-01-36,18,dual,random,False,7,0.708,60,63.8,s2,False,target,0.517,63.8,0.784
KGH1988W,2024-07-09-14-01-36,18,dual,random,False,8,0.789,45,44.3,1p,False,distractor,1.785,44.3,0.45
KGH1988W,2024-07-09-14-01-36,18,dual,random,False,9,0.907,35,32.7,1s,True,target,1.235,32.7,3.353
KGH1988W,2024-07-09-14-01-36,19,dual,ascending,True,1,1.702,-65,-25.6,2s,True,target,1.318,-69.6,2.986
KGH1988W,2024-07-09-14-01-36,19,dual,ascending,True,2,0.615,-60,-53.8,2p,False,distractor,0.751,-53.8,0.517
KGH1988W,2024-07-09-14-01-36,19,dual,ascending,True,3,0.864,-55,-37.4,s1,False,distractor,1.051,-55.4,2.752
KGH1988W,2024-07-09-14-01-36,19,dual,ascending,True,4,0.622,-50,-59.8,p1,True,target,0.584,-59.8,0.434
KGH1988W,2024-07-09-14-01-36,19,dual,ascending,True,5,0.871,-45,-41.5,s2,False,distractor,0.834,-41.5,0.484
KGH1988W,2024-07-09-14-01-36,19,dual,ascending,True,6,0.515,-40,-26.3,p2,True,target,0.417,-40.3,2.268
KGH1988W,2024-07-09-14-01-36,19,dual,ascending,True,7,0.608,-35,-64.5,1p,False,distractor,0.651,-30.5,3.436
KGH1988W,2024-07-09-14-01-36,19,dual,ascending,True,8,0.878,-30,-41.0,1s,True,target,1.668,-41.0,0.45
KGH1988W,2024-07-09-14-01-36,19,dual,ascending,True,9,0.957,-25,-25.9,p1,True,target,0.934,-25.9,0.751
KGH1988W,2024-07-09-14-01-36,20,single,descending,False,1,1.84,65,33.5,2s,True,target,0.934,66.5,3.186
KGH1988W,2024-07-09-14-01-36,20,single,descending,False,2,0.65,60,38.9,s2,False,target,0.934,56.9,2.853
KGH1988W,2024-07-09-14-01-36,20,single,descending,False,3,0.753,55,27.5,s1,False,target,0.934,65.5,2.653
KGH1988W,2024-07-09-14-01-36,20,single,descending,False,4,0.581,50,25.6,p2,True,target,0.934,57.6,2.202
KGH1988W,2024-07-09-14-01-36,20,single,descending,False,5,0.618,45,27.9,2p,False,target,0.934,45.9,1.602
KGH1988W,2024-07-09-14-01-36,20,single,descending,False,6,0.763,40,47.0,p1,True,target,0.934,42.0,1.969
KGH1988W,2024-07-09-14-01-36,20,single,descending,False,7,0.862,35,54.9,p2,True,target,0.934,39.9,2.169
KGH1988W,2024-07-09-14-01-36,20,single,descending,False,8,0.879,30,41.0,1p,False,target,0.934,34.0,1.251
KGH1988W,2024-07-09-14-01-36,20,single,descending,False,9,0.945,25,30.4,s2,False,target,0.934,24.4,2.369
KGH1988W,2024-07-09-14-01-36,21,single,random,True,1,1.936,-55,-45.1,2p,False,target,0.934,-53.1,1.785
KGH1988W,2024-07-09-14-01-36,21,single,random,True,2,0.879,-25,-38.7,2s,True,target,0.934,-22.7,2.102
KGH1988W,2024-07-09-14-01-36,21,single,random,True,3,0.575,-30,-39.6,s1,False,target,0.934,-29.6,2.819
KGH1988W,2024-07-09-14-01-36,21,single,random,True,4,0.809,-65,-46.6,1s,True,target,0.934,-71.6,2.252
KGH1988W,2024-07-09-14-01-36,21,single,random,True,5,0.681,-45,-27.9,p1,True,target,0.934,-46.9,1.802
KGH1988W,2024-07-09-14-01-36,21,single,random,True,6,0.86,-60,-40.9,1s,True,target,0.934,-67.9,2.286
KGH1988W,2024-07-09-14-01-36,21,single,random,True,7,0.869,-35,-52.3,1p,False,target,0.934,-23.3,2.869
KGH1988W,2024-07-09-14-01-36,21,single,random,True,8,0.544,-40,-39.9,2s,True,target,0.934,-39.9,4.17
KGH1988W,2024-07-09-14-01-36,21,single,random,True,9,0.859,-50,-31.5,s2,False,target,0.934,-59.5,3.753
KGH1988W,2024-07-09-14-01-36,22,single,ascending,False,1,1.749,25,48.2,p2,True,target,0.934,25.2,3.303
KGH1988W,2024-07-09-14-01-36,22,single,ascending,False,2,0.849,30,43.1,s1,False,target,0.934,29.1,3.436
KGH1988W,2024-07-09-14-01-36,22,single,ascending,False,3,0.598,35,59.8,2p,False,target,0.934,31.8,2.903
KGH1988W,2024-07-09-14-01-36,22,single,ascending,False,4,0.769,40,40.0,2s,True,target,0.934,40.0,0.684
KGH1988W,2024-07-09-14-01-36,22,single,ascending,False,5,0.75,45,64.1,1p,False,target,0.934,44.1,2.335
KGH1988W,2024-07-09-14-01-36,22,single,ascending,False,6,0.917,50,53.3,2p,False,target,0.934,41.3,2.653
KGH1988W,2024-07-09-14-01-36,22,single,ascending,False,7,0.677,55,41.9,s2,False,target,0.934,55.9,1.835
KGH1988W,2024-07-09-14-01-36,22,single,ascending,False,8,0.997,60,61.7,s1,False,target,0.934,61.7,0.651
KGH1988W,2024-07-09-14-01-36,22,single,ascending,False,9,0.848,65,36.0,p1,True,target,0.934,71.0,2.836
KGH1988W,2024-07-09-14-01-36,23,dual,ascending,True,1,1.928,-65,-60.5,1s,True,distractor,2.335,-60.5,1.151
KGH1988W,2024-07-09-14-01-36,23,dual,ascending,True,2,0.705,-60,-35.7,p2,True,target,0.734,-59.7,3.353
KGH1988W,2024-07-09-14-01-36,23,dual,ascending,True,3,0.677,-55,-31.4,p1,True,target,0.517,-52.4,2.102
KGH1988W,2024-07-09-14-01-36,23,dual,ascending,True,4,0.934,-50,-29.7,p2,True,target,0.45,-51.7,2.019
KGH1988W,2024-07-09-14-01-36,23,dual,ascending,True,5,0.653,-45,-44.3,1p,False,distractor,0.618,-44.3,0.749
KGH1988W,2024-07-09-14-01-36,23,dual,ascending,True,6,0.666,-40,-45.9,s2,False,distractor,2.285,-45.9,0.834
KGH1988W,2024-07-09-14-01-36,23,dual,ascending,True,7,0.993,-35,-27.2,1s,True,target,0.417,-27.2,0.851
KGH1988W,2024-07-09-14-01-36,23,dual,ascending,True,8,0.783,-30,-34.9,2s,True,target,0.868,-34.9,0.467
KGH1988W,2024-07-09-14-01-36,23,dual,ascending,True,9,0.87,-25,-40.8,s1,False,distractor,1.902,-40.8,0.45
KGH1988W,2024-07-09-14-01-36,24,dual,descending,False,1,1.774,65,44.2,2p,False,target,1.518,61.2,1.835
KGH1988W,2024-07-09-14-01-36,24,dual,descending,False,2,0.554,60,48.3,p1,True,target,0.467,60.3,1.885
KGH1988W,2024-07-09-14-01-36,24,dual,descending,False,3,0.563,55,27.9,p2,True,target,0.968,58.9,2.369
KGH1988W,2024-07-09-14-01-36,24,dual,descending,False,4,0.911,50,49.4,s2,False,distractor,1.335,49.4,0.767
KGH1988W,2024-07-09-14-01-36,24,dual,descending,False,5,0.74,45,49.3,2s,True,target,0.45,49.3,0.4
KGH1988W,2024-07-09-14-01-36,24,dual,descending,False,6,0.574,40,48.2,s1,False,target,0.451,48.2,1.034
KGH1988W,2024-07-09-14-01-36,24,dual,descending,False,7,0.64,35,25.7,2p,False,distractor,0.684,25.7,0.367
KGH1988W,2024-07-09-14-01-36,24,dual,descending,False,8,0.724,30,58.2,1p,False,distractor,0.767,44.2,1.902
KGH1988W,2024-07-09-14-01-36,24,dual,descending,False,9,0.513,25,62.3,1s,True,target,2.669,46.3,1.852
KGH1988W,2024-07-09-14-01-36,25,dual,random,True,1,1.738,-60,-63.6,s2,False,distractor,2.085,-63.6,1.251
KGH1988W,2024-07-09-14-01-36,25,dual,random,True,2,0.561,-45,-62.7,1s,True,target,0.851,-42.7,2.385
KGH1988W,2024-07-09-14-01-36,25,dual,random,True,3,0.955,-25,-64.9,2s,True,target,0.934,-42.9,2.736
KGH1988W,2024-07-09-14-01-36,25,dual,random,True,4,0.884,-65,-63.0,1p,False,distractor,0.834,-63.0,0.684
KGH1988W,2024-07-09-14-01-36,25,dual,random,True,5,0.756,-55,-27.7,p1,True,target,0.317,-52.7,2.285
KGH1988W,2024-07-09-14-01-36,25,dual,random,True,6,0.732,-40,-56.4,2p,False,distractor,0.517,-40.4,2.102
KGH1988W,2024-07-09-14-01-36,25,dual,random,True,7,0.552,-35,-47.9,p2,True,target,0.417,-47.9,0.717
KGH1988W,2024-07-09-14-01-36,25,dual,random,True,8,0.84,-30,-53.1,s1,False,distractor,0.785,-53.1,0.751
KGH1988W,2024-07-09-14-01-36,25,dual,random,True,9,0.956,-50,-25.4,s2,False,distractor,0.884,-47.4,2.719
KGH1988W,2024-07-09-14-01-36,26,single,descending,False,1,1.595,65,46.9,p2,True,distractor,0.884,64.9,3.203
KGH1988W,2024-07-09-14-01-36,26,single,descending,False,2,0.534,60,40.0,1p,False,distractor,0.884,63.0,2.235
KGH1988W,2024-07-09-14-01-36,26,single,descending,False,3,0.862,55,48.8,2s,True,distractor,0.884,54.8,1.385
KGH1988W,2024-07-09-14-01-36,26,single,descending,False,4,0.923,50,48.6,s1,False,distractor,0.884,48.6,0.584
KGH1988W,2024-07-09-14-01-36,26,single,descending,False,5,0.78,45,54.5,2p,False,distractor,0.884,54.5,0.25
KGH1988W,2024-07-09-14-01-36,26,single,descending,False,6,0.726,40,42.9,1s,True,distractor,0.884,42.9,2.202
KGH1988W,2024-07-09-14-01-36,26,single,descending,False,7,0.729,35,30.7,p1,True,distractor,0.884,30.7,4.771
KGH1988W,2024-07-09-14-01-36,26,single,descending,False,8,0.793,30,50.4,s1,False,distractor,0.884,29.4,2.185
KGH1988W,2024-07-09-14-01-36,26,single,descending,False,9,0.768,25,47.4,s2,False,distractor,0.884,21.4,1.818
KGH1988W,2024-07-09-14-01-36,27,single,random,True,1,1.978,-35,-44.0,1p,False,distractor,0.884,-38.0,2.035
KGH1988W,2024-07-09-14-01-36,27,single,random,True,2,0.814,-30,-41.9,2p,False,distractor,0.884,-29.9,1.218
KGH1988W,2024-07-09-14-01-36,27,single,random,True,3,0.904,-40,-28.7,p1,True,distractor,0.884,-28.7,0.417
KGH1988W,2024-07-09-14-01-36,27,single,random,True,4,0.923,-50,-46.2,1s,True,distractor,0.884,-46.2,0.968
KGH1988W,2024-07-09-14-01-36,27,single,random,True,5,0.526,-55,-37.5,p2,True,distractor,0.884,-55.5,2.069
KGH1988W,2024-07-09-14-01-36,27,single,random,True,6,0.753,-65,-43.1,2s,True,distractor,0.884,-66.1,2.319
KGH1988W,2024-07-09-14-01-36,27,single,random,True,7,0.696,-25,-33.4,s1,False,distractor,0.884,-27.4,1.568
KGH1988W,2024-07-09-14-01-36,27,single,random,True,8,0.814,-60,-25.2,p2,True,distractor,0.884,-64.2,3.42
KGH1988W,2024-07-09-14-01-36,27,single,random,True,9,0.64,-45,-43.4,2p,False,distractor,0.884,-43.4,0.784
KGH1988W,2024-07-09-14-01-36,28,single,descending,False,1,1.976,65,64.1,1p,False,distractor,0.884,64.1,0.451
KGH1988W,2024-07-09-14-01-36,28,single,descending,False,2,0.875,60,44.8,s2,False,distractor,0.884,44.8,0.234
KGH1988W,2024-07-09-14-01-36,28,single,descending,False,3,0.598,55,28.2,2s,True,distractor,0.884,53.2,2.786
KGH1988W,2024-07-09-14-01-36,28,single,descending,False,4,0.881,50,27.4,p1,True,distractor,0.884,47.4,1.601
KGH1988W,2024-07-09-14-01-36,28,single,descending,False,5,0.832,45,36.5,1s,True,distractor,0.884,36.5,0.601
KGH1988W,2024-07-09-14-01-36,28,single,descending,False,6,0.848,40,58.4,2s,True,distractor,0.884,43.4,1.552
KGH1988W,2024-07-09-14-01-36,28,single,descending,False,7,0.975,35,48.5,1s,True,distractor,0.884,36.5,1.552
KGH1988W,2024-07-09-14-01-36,28,single,descending,False,8,0.887,30,50.6,p2,True,distractor,0.884,29.6,1.251
KGH1988W,2024-07-09-14-01-36,28,single,descending,False,9,0.941,25,32.1,s1,False,distractor,0.884,25.1,0.734
KGH1988W,2024-07-09-14-01-36,29,dual,descending,True,1,1.855,-25,-48.2,s2,False,distractor,2.519,-38.2,2.202
KGH1988W,2024-07-09-14-01-36,29,dual,descending,True,2,0.568,-30,-27.8,1p,False,distractor,0.601,-27.8,0.517
KGH1988W,2024-07-09-14-01-36,29,dual,descending,True,3,0.68,-35,-60.6,2p,False,distractor,1.668,-35.6,2.752
KGH1988W,2024-07-09-14-01-36,29,dual,descending,True,4,0.76,-40,-59.4,p1,True,target,0.451,-35.4,3.186
KGH1988W,2024-07-09-14-01-36,29,dual,descending,True,5,0.825,-45,-48.1,s2,False,distractor,0.701,-48.1,0.867
KGH1988W,2024-07-09-14-01-36,29,dual,descending,True,6,0.857,-50,-59.5,2p,False,distractor,1.001,-44.5,1.635
KGH1988W,2024-07-09-14-01-36,29,dual,descending,True,7,0.824,-55,-32.4,p1,True,target,0.517,-55.4,2.302
KGH1988W,2024-07-09-14-01-36,29,dual,descending,True,8,0.915,-60,-28.8,1p,False,distractor,1.469,-45.8,2.385
KGH1988W,2024-07-09-14-01-36,29,dual,descending,True,9,0.664,-65,-35.5,1s,True,target,2.903,-35.5,0.967
KGH1988W,2024-07-09-14-01-36,30,dual,ascending,False,1,1.63,25,47.4,s1,False,target,2.302,37.4,1.668
KGH1988W,2024-07-09-14-01-36,30,dual,ascending,False,2,0.56,30,40.5,2s,True,target,0.884,40.5,0.617
KGH1988W,2024-07-09-14-01-36,30,dual,ascending,False,3,0.77,35,38.9,p2,True,target,0.818,38.9,0.434
KGH1988W,2024-07-09-14-01-36,30,dual,ascending,False,4,0.587,40,36.8,s2,False,distractor,0.684,36.8,0.384
KGH1988W,2024-07-09-14-01-36,30,dual,ascending,False,5,0.796,45,53.9,2s,True,target,0.501,53.9,0.384
KGH1988W,2024-07-09-14-01-36,30,dual,ascending,False,6,0.832,50,25.9,s1,False,distractor,0.818,44.9,2.652
KGH1988W,2024-07-09-14-01-36,30,dual,ascending,False,7,0.738,55,41.4,p2,True,target,0.467,55.4,1.701
KGH1988W,2024-07-09-14-01-36,30,dual,ascending,False,8,0.796,60,45.7,1p,False,distractor,1.401,55.7,1.318
KGH1988W,2024-07-09-14-01-36,30,dual,ascending,False,9,0.806,65,56.3,p1,True,target,0.517,56.3,0.601
KGH1988W,2024-07-09-14-01-36,31,dual,random,True,1,1.667,-35,-26.7,2p,False,distractor,2.352,43.3,5.388
KGH1988W,2024-07-09-14-01-36,31,dual,random,True,2,0.523,-60,-57.9,1s,True,target,2.035,-57.9,0.55
KGH1988W,2024-07-09-14-01-36,31,dual,random,True,3,0.801,-50,-36.0,p2,True,target,0.918,-47.0,2.569
KGH1988W,2024-07-09-14-01-36,31,dual,random,True,4,0.519,-25,-58.6,1s,True,target,2.452,-26.6,3.403
KGH1988W,2024-07-09-14-01-36,31,dual,random,True,5,0.855,-45,-35.7,2p,False,distractor,2.803,-46.7,1.518
KGH1988W,2024-07-09-14-01-36,31,dual,random,True,6,0.684,-40,-31.1,s1,False,target,0.951,-31.1,0.884
KGH1988W,2024-07-09-14-01-36,31,dual,random,True,7,0.882,-55,-51.1,2s,True,target,0.901,-51.1,1.001
KGH1988W,2024-07-09-14-01-36,31,dual,random,True,8,0.874,-65,-42.3,1p,False,distractor,0.584,-42.3,0.45
KGH1988W,2024-07-09-14-01-36,31,dual,random,True,9,0.931,-30,-52.6,s2,False,distractor,1.084,-52.6,0.3
KGH1988W,2024-07-09-14-01-36,32,single,ascending,False,1,1.921,25,34.5,p1,True,distractor,1.084,34.5,0.601
KGH1988W,2024-07-09-14-01-36,32,single,ascending,False,2,0.863,30,61.5,s1,False,distractor,1.084,61.5,0.351
KGH1988W,2024-07-09-14-01-36,32,single,ascending,False,3,0.974,35,47.8,1s,True,distractor,1.084,34.8,1.485
KGH1988W,2024-07-09-14-01-36,32,single,ascending,False,4,0.987,40,50.9,s2,False,distractor,1.084,44.9,1.218
KGH1988W,2024-07-09-14-01-36,32,single,ascending,False,5,0.521,45,27.0,p2,True,distractor,1.084,42.0,2.402
KGH1988W,2024-07-09-14-01-36,32,single,ascending,False,6,0.922,50,46.2,1p,False,distractor,1.084,55.2,1.535
KGH1988W,2024-07-09-14-01-36,32,single,ascending,False,7,0.882,55,52.5,2s,True,distractor,1.084,52.5,0.467
KGH1988W,2024-07-09-14-01-36,32,single,ascending,False,8,0.576,60,62.4,2p,False,distractor,1.084,63.4,1.001
KGH1988W,2024-07-09-14-01-36,32,single,ascending,False,9,0.622,65,50.3,p1,True,distractor,1.084,67.3,1.485
KGH1988W,2024-07-09-14-01-36,33,single,random,True,1,1.957,-35,-49.9,s1,False,distractor,1.084,-30.9,3.52
KGH1988W,2024-07-09-14-01-36,33,single,random,True,2,0.636,-40,-47.8,s2,False,distractor,1.084,-43.8,1.068
KGH1988W,2024-07-09-14-01-36,33,single,random,True,3,0.993,-30,-30.3,p2,True,distractor,1.084,-26.3,0.901
KGH1988W,2024-07-09-14-01-36,33,single,random,True,4,0.672,-65,-28.5,1p,False,distractor,1.084,-75.5,3.603
KGH1988W,2024-07-09-14-01-36,33,single,random,True,5,0.65,-60,-44.5,2p,False,distractor,1.084,-68.5,2.419
KGH1988W,2024-07-09-14-01-36,33,single,random,True,6,0.624,-45,-54.2,1s,True,distractor,1.084,-49.2,1.768
KGH1988W,2024-07-09-14-01-36,33,single,random,True,7,0.887,-50,-45.0,2s,True,distractor,1.084,-54.0,2.486
KGH1988W,2024-07-09-14-01-36,33,single,random,True,8,0.553,-55,-59.7,p1,True,distractor,1.084,-59.7,0.584
KGH1988W,2024-07-09-14-01-36,33,single,random,True,9,0.862,-25,-60.1,p1,True,distractor,1.084,-20.1,3.236
KGH1988W,2024-07-09-14-01-36,34,single,descending,False,1,1.904,65,38.5,2s,True,distractor,1.084,64.5,3.32
KGH1988W,2024-07-09-14-01-36,34,single,descending,False,2,0.872,60,54.4,s1,False,distractor,1.084,54.4,0.451
KGH1988W,2024-07-09-14-01-36,34,single,descending,False,3,0.823,55,45.8,1s,True,distractor,1.084,45.8,0.501
KGH1988W,2024-07-09-14-01-36,34,single,descending,False,4,0.95,50,44.6,p2,True,distractor,1.084,44.6,0.401
KGH1988W,2024-07-09-14-01-36,34,single,descending,False,5,0.535,45,31.4,2p,False,distractor,1.084,31.4,0.567
KGH1988W,2024-07-09-14-01-36,34,single,descending,False,6,0.676,40,55.9,s2,False,distractor,1.084,37.9,2.035
KGH1988W,2024-07-09-14-01-36,34,single,descending,False,7,0.974,35,48.1,1p,False,distractor,1.084,33.1,1.418
KGH1988W,2024-07-09-14-01-36,34,single,descending,False,8,0.967,30,29.5,s1,False,distractor,1.084,29.5,0.534
KGH1988W,2024-07-09-14-01-36,34,single,descending,False,9,0.534,25,37.7,1s,True,distractor,1.084,30.7,0.968
KGH1988W,2024-07-09-14-01-36,35,dual,ascending,True,1,1.768,-65,-55.4,p1,True,target,2.035,-55.4,0.667
KGH1988W,2024-07-09-14-01-36,35,dual,ascending,True,2,0.649,-60,-33.8,2s,True,target,1.401,-54.8,1.635
KGH1988W,2024-07-09-14-01-36,35,dual,ascending,True,3,0.664,-55,-40.9,p2,True,target,0.634,-59.9,1.701
KGH1988W,2024-07-09-14-01-36,35,dual,ascending,True,4,0.776,-50,-30.6,2p,False,distractor,0.884,-57.6,1.668
KGH1988W,2024-07-09-14-01-36,35,dual,ascending,True,5,0.956,-45,-36.3,1p,False,distractor,2.552,-51.3,1.134
KGH1988W,2024-07-09-14-01-36,35,dual,ascending,True,6,0.937,-40,-29.0,s2,False,distractor,0.684,-44.0,1.168
KGH1988W,2024-07-09-14-01-36,35,dual,ascending,True,7,0.72,-35,-51.3,2s,True,target,0.651,-32.3,2.152
KGH1988W,2024-07-09-14-01-36,35,dual,ascending,True,8,0.94,-30,-31.0,1p,False,distractor,0.767,-31.0,0.434
KGH1988W,2024-07-09-14-01-36,35,dual,ascending,True,9,0.763,-25,-39.9,s1,False,distractor,0.617,-39.9,0.317
KGH1988W,2024-07-09-14-01-36,36,dual,random,False,1,1.712,40,47.8,s2,False,distractor,1.468,47.8,0.734
KGH1988W,2024-07-09-14-01-36,36,dual,random,False,2,0.62,30,26.5,2p,False,distractor,0.551,26.5,1.334
KGH1988W,2024-07-09-14-01-36,36,dual,random,False,3,0.652,25,41.5,p2,True,target,0.367,41.5,0.4
KGH1988W,2024-07-09-14-01-36,36,dual,random,False,4,0.882,45,51.9,p1,True,target,0.367,51.9,0.801
KGH1988W,2024-07-09-14-01-36,36,dual,random,False,5,0.877,65,41.7,1s,True,distractor,0.434,41.7,2.485
KGH1988W,2024-07-09-14-01-36,36,dual,random,False,6,0.88,35,25.9,1s,True,target,0.734,25.9,0.317
KGH1988W,2024-07-09-14-01-36,36,dual,random,False,7,0.78,55,28.0,s1,False,distractor,0.534,44.0,1.668
KGH1988W,2024-07-09-14-01-36,36,dual,random,False,8,0.954,50,39.8,2p,False,distractor,3.37,39.8,0.5
KGH1988W,2024-07-09-14-01-36,36,dual,random,False,9,0.71,60,49.2,p1,True,target,0.418,49.2,0.3
KGH1988W,2024-07-09-14-01-36,37,dual,descending,True,1,1.931,-25,-38.6,2s,True,target,1.702,-38.6,1.017
KGH1988W,2024-07-09-14-01-36,37,dual,descending,True,2,0.807,-30,-31.0,1p,False,distractor,0.834,-31.0,0.4
KGH1988W,2024-07-09-14-01-36,37,dual,descending,True,3,0.992,-35,-59.6,s2,False,distractor,0.634,-37.6,2.402
KGH1988W,2024-07-09-14-01-36,37,dual,descending,True,4,0.796,-40,-53.4,p2,True,target,0.334,-53.4,0.434
KGH1988W,2024-07-09-14-01-36,37,dual,descending,True,5,0.622,-45,-25.9,s1,False,distractor,0.517,-25.9,0.334
KGH1988W,2024-07-09-14-01-36,37,dual,descending,True,6,0.877,-50,-49.5,s2,False,distractor,1.435,-49.5,0.25
KGH1988W,2024-07-09-14-01-36,37,dual,descending,True,7,0.978,-55,-37.4,1p,False,distractor,0.667,-49.4,2.052
KGH1988W,2024-07-09-14-01-36,37,dual,descending,True,8,0.822,-60,-51.0,1s,True,target,1.001,-51.0,0.434
KGH1988W,2024-07-09-14-01-36,37,dual,descending,True,9,0.775,-65,-55.7,2p,False,distractor,0.618,-55.7,0.284
KGH1988W,2024-07-09-14-01-36,38,single,ascending,False,1,1.846,25,39.2,p2,True,distractor,0.618,25.2,1.402
KGH1988W,2024-07-09-14-01-36,38,single,ascending,False,2,0.868,30,29.5,2s,True,distractor,0.618,29.5,0.651
KGH1988W,2024-07-09-14-01-36,38,single,ascending,False,3,0.943,35,39.7,p1,True,distractor,0.618,29.7,1.568
KGH1988W,2024-07-09-14-01-36,38,single,ascending,False,4,0.563,40,37.3,p1,True,distractor,0.618,37.3,0.717
KGH1988W,2024-07-09-14-01-36,38,single,ascending,False,5,0.67,45,48.0,s2,False,distractor,0.618,48.0,0.718
KGH1988W,2024-07-09-14-01-36,38,single,ascending,False,6,0.77,50,25.2,1s,True,distractor,0.618,49.2,2.486
KGH1988W,2024-07-09-14-01-36,38,single,ascending,False,7,0.514,55,55.8,2s,True,distractor,0.618,55.8,0.668
KGH1988W,2024-07-09-14-01-36,38,single,ascending,False,8,0.508,60,43.3,1p,False,distractor,0.618,62.3,2.002
KGH1988W,2024-07-09-14-01-36,38,single,ascending,False,9,0.829,65,29.8,2p,False,distractor,0.618,62.8,2.569
KGH1988W,2024-07-09-14-01-36,39,single,ascending,True,1,1.735,-65,-48.1,s1,False,distractor,0.618,-64.1,2.069
KGH1988W,2024-07-09-14-01-36,39,single,ascending,True,2,0.577,-60,-57.3,p2,True,distractor,0.618,-57.3,0.634
KGH1988W,2024-07-09-14-01-36,39,single,ascending,True,3,0.718,-55,-61.8,1p,False,distractor,0.618,-61.8,0.567
KGH1988W,2024-07-09-14-01-36,39,single,ascending,True,4,0.764,-50,-28.0,s1,False,distractor,0.618,-58.0,2.619
KGH1988W,2024-07-09-14-01-36,39,single,ascending,True,5,0.658,-45,-30.3,p1,True,distractor,0.618,-47.3,1.885
KGH1988W,2024-07-09-14-01-36,39,single,ascending,True,6,0.859,-40,-46.9,2p,False,distractor,0.618,-46.9,0.851
KGH1988W,2024-07-09-14-01-36,39,single,ascending,True,7,0.895,-35,-35.9,1s,True,distractor,0.618,-35.9,0.701
KGH1988W,2024-07-09-14-01-36,39,single,ascending,True,8,0.589,-30,-51.9,s2,False,distractor,0.618,-31.9,2.386
KGH1988W,2024-07-09-14-01-36,39,single,ascending,True,9,0.611,-25,-60.8,2s,True,distractor,0.618,-12.8,4.521
KGH1988W,2024-07-09-14-01-36,40,dual,random,False,1,1.964,60,43.3,p2,True,target,0.717,63.3,2.435
KGH1988W,2024-07-09-14-01-36,40,dual,random,False,2,0.502,45,27.0,1p,False,distractor,1.768,48.0,2.602
KGH1988W,2024-07-09-14-01-36,40,dual,random,False,3,0.839,30,44.8,s1,False,distractor,0.717,44.8,0.4
KGH1988W,2024-07-09-14-01-36,40,dual,random,False,4,0.829,35,40.8,p2,True,target,0.501,40.8,0.267
KGH1988W,2024-07-09-14-01-36,40,dual,random,False,5,0.801,50,26.1,2p,False,distractor,0.667,26.1,0.267
KGH1988W,2024-07-09-14-01-36,40,dual,random,False,6,0.527,25,33.9,p1,True,target,0.334,33.9,0.617
KGH1988W,2024-07-09-14-01-36,40,dual,random,False,7,0.693,40,42.7,s2,False,distractor,0.884,42.7,0.317
KGH1988W,2024-07-09-14-01-36,40,dual,random,False,8,0.869,55,56.3,2s,True,target,0.501,56.3,0.35
KGH1988W,2024-07-09-14-01-36,40,dual,random,False,9,0.73,65,54.2,1s,True,target,0.617,54.2,0.701
KGH1988W,2024-07-09-14-01-36,41,dual,descending,True,1,1.528,-25,-39.9,1p,False,distractor,2.335,-39.9,1.735
KGH1988W,2024-07-09-14-01-36,41,dual,descending,True,2,0.531,-30,-61.5,1s,True,target,0.851,-27.5,2.302
KGH1988W,2024-07-09-14-01-36,41,dual,descending,True,3,0.831,-35,-31.7,p2,True,target,0.884,-31.7,0.4
KGH1988W,2024-07-09-14-01-36,41,dual,descending,True,4,0.599,-40,-54.5,2p,False,distractor,0.684,-30.5,2.919
KGH1988W,2024-07-09-14-01-36,41,dual,descending,True,5,0.992,-45,-43.6,p1,True,target,0.701,-43.6,0.334
KGH1988W,2024-07-09-14-01-36,41,dual,descending,True,6,0.957,-50,-52.0,s2,False,distractor,1.585,-52.0,0.684
KGH1988W,2024-07-09-14-01-36,41,dual,descending,True,7,0.833,-55,-58.1,2s,True,target,0.551,-58.1,0.284
KGH1988W,2024-07-09-14-01-36,41,dual,descending,True,8,0.991,-60,-29.0,s1,False,distractor,3.503,-29.0,0.434
KGH1988W,2024-07-09-14-01-36,41,dual,descending,True,9,0.966,-65,-46.9,2p,False,distractor,0.717,-46.9,0.701
KGH1988W,2024-07-09-14-01-36,42,single,random,False,1,1.933,40,53.2,p2,True,distractor,0.717,41.2,1.802
KGH1988W,2024-07-09-14-01-36,42,single,random,False,2,0.564,35,45.6,1s,True,distractor,0.717,37.6,1.485
KGH1988W,2024-07-09-14-01-36,42,single,random,False,3,0.768,55,61.0,s2,False,distractor,0.717,61.0,0.634
KGH1988W,2024-07-09-14-01-36,42,single,random,False,4,0.764,25,58.7,2s,True,distractor,0.717,16.7,3.42
KGH1988W,2024-07-09-14-01-36,42,single,random,False,5,0.75,45,61.8,1p,False,distractor,0.717,41.8,2.035
KGH1988W,2024-07-09-14-01-36,42,single,random,False,6,0.859,30,31.6,s1,False,distractor,0.717,31.6,0.751
KGH1988W,2024-07-09-14-01-36,42,single,random,False,7,0.769,60,37.2,p1,True,distractor,0.717,63.2,3.62
KGH1988W,2024-07-09-14-01-36,42,single,random,False,8,0.572,50,48.8,p2,True,distractor,0.717,48.8,1.235
KGH1988W,2024-07-09-14-01-36,42,single,random,False,9,0.792,65,60.7,1s,True,distractor,0.717,60.7,0.734
KGH1988W,2024-07-09-14-01-36,43,dual,ascending,True,1,1.95,-65,-33.0,2s,True,target,3.22,-47.0,1.768
KGH1988W,2024-07-09-14-01-36,43,dual,ascending,True,2,0.899,-60,-28.2,p1,True,target,0.434,-66.2,2.352
KGH1988W,2024-07-09-14-01-36,43,dual,ascending,True,3,0.723,-55,-26.4,s1,False,distractor,0.717,-65.4,2.369
KGH1988W,2024-07-09-14-01-36,43,dual,ascending,True,4,0.773,-50,-60.4,s2,False,distractor,0.802,-47.4,1.785
KGH1988W,2024-07-09-14-01-36,43,dual,ascending,True,5,0.597,-45,-51.8,1p,False,distractor,0.685,-38.8,1.635
KGH1988W,2024-07-09-14-01-36,43,dual,ascending,True,6,0.928,-40,-64.1,2p,False,distractor,0.934,-36.1,2.485
KGH1988W,2024-07-09-14-01-36,43,dual,ascending,True,7,0.833,-35,-26.4,s1,False,distractor,2.786,-26.4,0.884
KGH1988W,2024-07-09-14-01-36,43,dual,ascending,True,8,0.672,-30,-37.8,1p,False,distractor,0.901,-37.8,0.4
KGH1988W,2024-07-09-14-01-36,43,dual,ascending,True,9,0.908,-25,-27.3,p1,True,target,0.367,-27.3,0.4
KGH1988W,2024-07-09-14-01-36,44,single,descending,False,1,1.594,65,55.0,2p,False,target,0.367,64.0,3.17
KGH1988W,2024-07-09-14-01-36,44,single,descending,False,2,0.695,60,29.4,1s,True,target,0.367,54.4,2.769
KGH1988W,2024-07-09-14-01-36,44,single,descending,False,3,0.696,55,38.8,s2,False,target,0.367,53.8,1.468
KGH1988W,2024-07-09-14-01-36,44,single,descending,False,4,0.751,50,31.0,2s,True,target,0.367,49.0,1.435
KGH1988W,2024-07-09-14-01-36,44,single,descending,False,5,0.856,45,28.1,p2,True,target,0.367,40.1,1.351
KGH1988W,2024-07-09-14-01-36,44,single,descending,False,6,0.681,40,27.3,s1,False,target,0.367,33.3,0.918
KGH1988W,2024-07-09-14-01-36,44,single,descending,False,7,0.82,35,43.9,1s,True,target,0.367,33.9,1.585
KGH1988W,2024-07-09-14-01-36,44,single,descending,False,8,0.655,30,26.2,2s,True,target,0.367,26.2,0.551
KGH1988W,2024-07-09-14-01-36,44,single,descending,False,9,0.774,25,58.6,1p,False,target,0.367,28.6,1.835
KGH1988W,2024-07-09-14-01-36,45,single,descending,True,1,1.701,-25,-33.4,2p,False,target,0.367,-33.4,3.32
KGH1988W,2024-07-09-14-01-36,45,single,descending,True,2,0.55,-30,-25.4,p1,True,target,0.367,-25.4,0.451
KGH1988W,2024-07-09-14-01-36,45,single,descending,True,3,0.874,-35,-36.0,p2,True,target,0.367,-36.0,0.501
KGH1988W,2024-07-09-14-01-36,45,single,descending,True,4,0.61,-40,-34.0,s2,False,target,0.367,-34.0,0.484
KGH1988W,2024-07-09-14-01-36,45,single,descending,True,5,0.648,-45,-62.4,p2,True,target,0.367,-46.4,2.436
KGH1988W,2024-07-09-14-01-36,45,single,descending,True,6,0.985,-50,-35.6,s2,False,target,0.367,-60.6,2.402
KGH1988W,2024-07-09-14-01-36,45,single,descending,True,7,0.647,-55,-45.3,p1,True,target,0.367,-62.3,1.451
KGH1988W,2024-07-09-14-01-36,45,single,descending,True,8,0.56,-60,-30.9,1p,False,target,0.367,-65.9,2.002
KGH1988W,2024-07-09-14-01-36,45,single,descending,True,9,0.739,-65,-56.5,s1,False,target,0.367,-68.5,0.868
KGH1988W,2024-07-09-14-01-36,46,single,random,False,1,1.96,30,36.3,1s,True,target,0.367,29.3,2.102
KGH1988W,2024-07-09-14-01-36,46,single,random,False,2,0.837,45,26.2,2s,True,target,0.367,41.2,1.652
KGH1988W,2024-07-09-14-01-36,46,single,random,False,3,0.743,40,35.7,2p,False,target,0.367,35.7,0.484
KGH1988W,2024-07-09-14-01-36,46,single,random,False,4,0.748,60,63.4,p1,True,target,0.367,63.4,0.684
KGH1988W,2024-07-09-14-01-36,46,single,random,False,5,0.963,55,36.9,p2,True,target,0.367,56.9,1.952
KGH1988W,2024-07-09-14-01-36,46,single,random,False,6,0.586,25,41.8,1s,True,target,0.367,27.8,1.919
KGH1988W,2024-07-09-14-01-36,46,single,random,False,7,0.572,50,38.7,s2,False,target,0.367,45.7,1.235
KGH1988W,2024-07-09-14-01-36,46,single,random,False,8,0.736,65,62.4,1p,False,target,0.367,62.4,0.751
KGH1988W,2024-07-09-14-01-36,46,single,random,False,9,0.699,35,45.9,2p,False,target,0.367,33.9,1.401
KGH1988W,2024-07-09-14-01-36,47,dual,ascending,True,1,1.515,-65,-25.5,s1,False,distractor,1.902,-47.5,2.252
KGH1988W,2024-07-09-14-01-36,47,dual,ascending,True,2,0.965,-60,-43.2,2s,True,target,2.352,-43.2,0.667
KGH1988W,2024-07-09-14-01-36,47,dual,ascending,True,3,0.759,-55,-33.5,s2,False,distractor,0.617,-33.5,0.317
KGH1988W,2024-07-09-14-01-36,47,dual,ascending,True,4,0.858,-50,-64.6,1s,True,target,0.884,-59.6,1.985
KGH1988W,2024-07-09-14-01-36,47,dual,ascending,True,5,0.821,-45,-42.3,1p,False,distractor,0.534,-42.3,0.434
KGH1988W,2024-07-09-14-01-36,47,dual,ascending,True,6,0.738,-40,-29.4,p1,True,target,0.167,-29.4,0.317
KGH1988W,2024-07-09-14-01-36,47,dual,ascending,True,7,0.684,-35,-58.3,s1,False,distractor,0.634,-37.3,2.118
KGH1988W,2024-07-09-14-01-36,47,dual,ascending,True,8,0.915,-30,-45.0,2s,True,target,0.984,-24.0,1.618
KGH1988W,2024-07-09-14-01-36,47,dual,ascending,True,9,0.88,-25,-50.5,2p,False,distractor,1.051,-20.5,2.035
KGH1988W,2024-07-09-14-01-36,48,dual,random,False,1,1.5,40,43.1,p2,True,target,0.784,43.1,0.784
KGH1988W,2024-07-09-14-01-36,48,dual,random,False,2,0.758,65,58.9,p1,True,target,1.001,58.9,0.417
KGH1988W,2024-07-09-14-01-36,48,dual,random,False,3,0.683,60,48.5,2s,True,target,0.768,48.5,0.317
KGH1988W,2024-07-09-14-01-36,48,dual,random,False,4,0.639,35,55.6,s2,False,distractor,0.934,55.6,0.45
KGH1988W,2024-07-09-14-01-36,48,dual,random,False,5,0.99,45,37.6,1p,False,distractor,0.734,37.6,0.3
KGH1988W,2024-07-09-14-01-36,48,dual,random,False,6,0.914,30,63.7,1s,True,target,3.803,63.7,0.417
KGH1988W,2024-07-09-14-01-36,48,dual,random,False,7,0.614,50,57.3,2p,False,distractor,3.236,57.3,0.951
KGH1988W,2024-07-09-14-01-36,48,dual,random,False,8,0.854,55,27.8,p2,True,target,0.45,58.8,2.636
KGH1988W,2024-07-09-14-01-36,48,dual,random,False,9,0.882,25,26.3,s1,False,distractor,0.984,26.3,0.767
KGH1988W,2024-07-09-14-01-36,49,single,ascending,True,1,1.766,-65,-59.3,1p,False,distractor,0.984,-59.3,0.617
KGH1988W,2024-07-09-14-01-36,49,single,ascending,True,2,0.717,-60,-26.8,s2,False,distractor,0.984,-62.8,2.219
KGH1988W,2024-07-09-14-01-36,49,single,ascending,True,3,0.811,-55,-40.8,2s,True,distractor,0.984,-58.8,1.251
KGH1988W,2024-07-09-14-01-36,49,single,ascending,True,4,0.713,-50,-42.7,s1,False,distractor,0.984,-42.7,0.451
KGH1988W,2024-07-09-14-01-36,49,single,ascending,True,5,0.925,-45,-47.5,1s,True,distractor,0.984,-51.5,0.801
KGH1988W,2024-07-09-14-01-36,49,single,ascending,True,6,0.529,-40,-56.9,2p,False,distractor,0.984,-40.9,1.635
KGH1988W,2024-07-09-14-01-36,49,single,ascending,True,7,0.566,-35,-36.1,p1,True,distractor,0.984,-36.1,0.451
KGH1988W,2024-07-09-14-01-36,49,single,ascending,True,8,0.606,-30,-35.5,p2,True,distractor,0.984,-35.5,0.317
KGH1988W,2024-07-09-14-01-36,49,single,ascending,True,9,0.732,-25,-64.5,2p,False,distractor,0.984,-22.5,2.819
KGH1988W,2024-07-09-14-01-36,50,dual,descending,False,1,1.722,65,53.9,2s,True,target,1.969,53.9,0.6
KGH1988W,2024-07-09-14-01-36,50,dual,descending,False,2,0.738,60,39.1,1p,False,distractor,0.551,57.1,1.701
KGH1988W,2024-07-09-14-01-36,50,dual,descending,False,3,0.566,55,33.7,p2,True,target,0.45,51.7,2.118
KGH1988W,2024-07-09-14-01-36,50,dual,descending,False,4,0.504,50,57.4,s1,False,distractor,0.634,57.4,0.667
KGH1988W,2024-07-09-14-01-36,50,dual,descending,False,5,0.822,45,38.4,s2,False,distractor,1.034,38.4,0.3
KGH1988W,2024-07-09-14-01-36,50,dual,descending,False,6,0.752,40,47.5,1s,True,target,0.434,47.5,0.333
KGH1988W,2024-07-09-14-01-36,50,dual,descending,False,7,0.613,35,58.6,p1,True,target,0.467,37.6,2.485
KGH1988W,2024-07-09-14-01-36,50,dual,descending,False,8,0.701,30,55.5,1s,True,target,0.734,28.5,1.601
KGH1988W,2024-07-09-14-01-36,50,dual,descending,False,9,0.999,25,54.8,1p,False,distractor,1.468,33.8,1.735
KGH1988W,2024-07-09-14-01-36,51,single,random,True,1,1.895,-25,-25.5,2p,False,distractor,1.468,-25.5,3.903
KGH1988W,2024-07-09-14-01-36,51,single,random,True,2,0.997,-30,-46.9,s2,False,distractor,1.468,-29.9,2.552
KGH1988W,2024-07-09-14-01-36,51,single,random,True,3,0.648,-50,-47.3,s1,False,distractor,1.468,-47.3,1.168
KGH1988W,2024-07-09-14-01-36,51,single,random,True,4,0.529,-35,-33.0,2s,True,distractor,1.468,-33.0,0.667
KGH1988W,2024-07-09-14-01-36,51,single,random,True,5,0.886,-65,-44.8,p1,True,distractor,1.468,-58.8,2.669
KGH1988W,2024-07-09-14-01-36,51,single,random,True,6,0.635,-40,-39.2,p2,True,distractor,1.468,-39.2,1.201
KGH1988W,2024-07-09-14-01-36,51,single,random,True,7,0.601,-60,-30.2,2s,True,distractor,1.468,-54.2,3.236
KGH1988W,2024-07-09-14-01-36,51,single,random,True,8,0.779,-55,-25.9,p2,True,distractor,1.468,-55.9,2.269
KGH1988W,2024-07-09-14-01-36,51,single,random,True,9,0.652,-45,-29.4,2p,False,distractor,1.468,-46.4,2.085
KGH1988W,2024-07-09-14-01-36,52,dual,random,False,1,1.864,30,55.9,1s,True,target,1.818,-57.1,6.756
KGH1988W,2024-07-09-14-01-36,52,dual,random,False,2,0.644,55,35.6,s1,False,distractor,1.451,35.6,0.567
KGH1988W,2024-07-09-14-01-36,52,dual,random,False,3,0.576,60,48.7,1p,False,distractor,0.651,48.7,0.417
KGH1988W,2024-07-09-14-01-36,52,dual,random,False,4,0.666,65,34.6,p1,True,target,0.35,64.6,14.796
KGH1988W,2024-07-09-14-01-36,52,dual,random,False,5,0.722,40,51.9,s2,False,distractor,0.567,42.9,1.468
KGH1988W,2024-07-09-14-01-36,52,dual,random,False,6,0.714,45,27.5,s1,False,distractor,1.501,49.5,1.718
KGH1988W,2024-07-09-14-01-36,52,dual,random,False,7,0.765,35,44.3,s2,False,distractor,2.802,44.3,0.45
KGH1988W,2024-07-09-14-01-36,52,dual,random,False,8,0.917,25,53.6,2p,False,distractor,0.617,35.6,1.801
KGH1988W,2024-07-09-14-01-36,52,dual,random,False,9,0.687,50,42.3,2s,True,target,0.767,43.3,0.951
KGH1988W,2024-07-09-14-01-36,53,single,ascending,True,1,1.794,-65,-34.6,1s,True,target,0.767,-59.6,1.852
KGH1988W,2024-07-09-14-01-36,53,single,ascending,True,2,0.726,-60,-49.8,1p,False,target,0.767,-62.8,0.784
KGH1988W,2024-07-09-14-01-36,53,single,ascending,True,3,0.908,-55,-25.9,p2,True,target,0.767,-55.9,2.669
KGH1988W,2024-07-09-14-01-36,53,single,ascending,True,4,0.691,-50,-62.8,p1,True,target,0.767,-54.8,1.451
KGH1988W,2024-07-09-14-01-36,53,single,ascending,True,5,0.763,-45,-37.8,p2,True,target,0.767,-41.8,1.185
KGH1988W,2024-07-09-14-01-36,53,single,ascending,True,6,0.98,-40,-63.2,s2,False,target,0.767,-34.2,2.519
KGH1988W,2024-07-09-14-01-36,53,single,ascending,True,7,0.604,-35,-60.0,1p,False,target,0.767,-32.0,1.869
KGH1988W,2024-07-09-14-01-36,53,single,ascending,True,8,0.539,-30,-55.3,p1,True,target,0.767,-20.3,2.369
KGH1988W,2024-07-09-14-01-36,53,single,ascending,True,9,0.745,-25,-36.3,s1,False,target,0.767,-20.3,1.218
KGH1988W,2024-07-09-14-01-36,54,single,descending,False,1,1.897,65,58.8,2p,False,target,0.767,58.8,0.918
KGH1988W,2024-07-09-14-01-36,54,single,descending,False,2,0.821,60,43.2,2s,True,target,0.767,53.2,1.985
KGH1988W,2024-07-09-14-01-36,54,single,descending,False,3,0.986,55,49.2,1s,True,target,0.767,55.2,0.684
KGH1988W,2024-07-09-14-01-36,54,single,descending,False,4,0.618,50,46.2,p1,True,target,0.767,46.2,0.351
KGH1988W,2024-07-09-14-01-36,54,single,descending,False,5,0.745,45,44.6,p2,True,target,0.767,44.6,0.384
KGH1988W,2024-07-09-14-01-36,54,single,descending,False,6,0.535,40,57.3,1p,False,target,0.767,57.3,0.234
KGH1988W,2024-07-09-14-01-36,54,single,descending,False,7,0.904,35,64.8,s2,False,target,0.767,33.8,1.769
KGH1988W,2024-07-09-14-01-36,54,single,descending,False,8,0.521,30,45.8,1s,True,target,0.767,27.8,1.418
KGH1988W,2024-07-09-14-01-36,54,single,descending,False,9,0.808,25,45.1,2p,False,target,0.767,31.1,1.018
KGH1988W,2024-07-09-14-01-36,55,dual,ascending,True,1,1.689,-65,-64.5,s1,False,distractor,1.635,-64.5,0.6
KGH1988W,2024-07-09-14-01-36,55,dual,ascending,True,2,0.729,-60,-47.9,2s,True,target,0.984,-47.9,0.433
KGH1988W,2024-07-09-14-01-36,55,dual,ascending,True,3,0.872,-55,-58.3,2s,True,target,0.701,-58.3,0.333
KGH1988W,2024-07-09-14-01-36,55,dual,ascending,True,4,0.831,-50,-54.4,2p,False,distractor,0.651,-54.4,0.267
KGH1988W,2024-07-09-14-01-36,55,dual,ascending,True,5,0.824,-45,-50.1,s2,False,distractor,0.584,-50.1,0.217
KGH1988W,2024-07-09-14-01-36,55,dual,ascending,True,6,0.552,-40,-51.7,p1,True,target,0.334,-51.7,0.25
KGH1988W,2024-07-09-14-01-36,55,dual,ascending,True,7,0.653,-35,-37.8,1p,False,distractor,0.45,-37.8,0.367
KGH1988W,2024-07-09-14-01-36,55,dual,ascending,True,8,0.812,-30,-58.7,p2,True,target,0.434,-58.7,0.367
KGH1988W,2024-07-09-14-01-36,55,dual,ascending,True,9,0.885,-25,-57.2,s1,False,distractor,0.701,-57.2,0.233
KGH1988W,2024-07-09-14-01-36,56,dual,descending,False,1,1.549,65,40.8,1s,True,target,1.151,67.8,1.885
KGH1988W,2024-07-09-14-01-36,56,dual,descending,False,2,0.858,60,28.7,s2,False,distractor,0.885,53.7,1.668
KGH1988W,2024-07-09-14-01-36,56,dual,descending,False,3,0.622,55,57.4,p2,True,target,0.35,57.4,0.517
KGH1988W,2024-07-09-14-01-36,56,dual,descending,False,4,0.672,50,59.6,1s,True,target,0.751,59.6,0.35
KGH1988W,2024-07-09-14-01-36,56,dual,descending,False,5,0.593,45,26.8,2s,True,target,0.601,26.8,0.317
KGH1988W,2024-07-09-14-01-36,56,dual,descending,False,6,0.627,40,59.5,s1,False,distractor,0.784,59.5,0.6
KGH1988W,2024-07-09-14-01-36,56,dual,descending,False,7,0.887,35,59.0,1p,False,distractor,0.651,45.0,2.135
KGH1988W,2024-07-09-14-01-36,56,dual,descending,False,8,0.69,30,48.0,p1,True,target,0.434,33.0,1.101
KGH1988W,2024-07-09-14-01-36,56,dual,descending,False,9,0.898,25,43.8,2p,False,distractor,0.834,27.8,1.017
KGH1988W,2024-07-09-14-01-36,57,single,random,True,1,1.954,-35,-63.4,1s,True,distractor,0.834,-33.4,3.186
KGH1988W,2024-07-09-14-01-36,57,single,random,True,2,0.968,-65,-63.3,s1,False,distractor,0.834,-63.3,0.651
KGH1988W,2024-07-09-14-01-36,57,single,random,True,3,0.958,-60,-32.1,p2,True,distractor,0.834,-63.1,2.069
KGH1988W,2024-07-09-14-01-36,57,single,random,True,4,0.715,-45,-49.2,2s,True,distractor,0.834,-43.2,0.901
KGH1988W,2024-07-09-14-01-36,57,single,random,True,5,0.753,-25,-25.1,2p,False,distractor,0.834,-19.1,0.601
KGH1988W,2024-07-09-14-01-36,57,single,random,True,6,0.888,-40,-54.4,1p,False,distractor,0.834,-42.4,1.318
KGH1988W,2024-07-09-14-01-36,57,single,random,True,7,0.597,-30,-56.8,p1,True,distractor,0.834,-27.8,1.785
KGH1988W,2024-07-09-14-01-36,57,single,random,True,8,0.66,-55,-45.0,s2,False,distractor,0.834,-57.0,1.368
KGH1988W,2024-07-09-14-01-36,57,single,random,True,9,0.906,-50,-49.8,p2,True,distractor,0.834,-52.8,0.901
KGH1988W,2024-07-09-14-01-36,58,dual,random,False,1,1.55,55,61.8,p1,True,target,1.001,46.8,1.985
KGH1988W,2024-07-09-14-01-36,58,dual,random,False,2,0.822,40,34.6,1s,True,target,1.001,34.6,0.567
KGH1988W,2024-07-09-14-01-36,58,dual,random,False,3,0.697,30,64.4,1p,False,distractor,0.701,35.4,1.685
KGH1988W,2024-07-09-14-01-36,58,dual,random,False,4,0.718,35,46.8,2s,True,target,1.134,46.8,0.634
KGH1988W,2024-07-09-14-01-36,58,dual,random,False,5,0.611,50,62.8,2p,False,distractor,1.235,42.8,1.451
KGH1988W,2024-07-09-14-01-36,58,dual,random,False,6,0.562,60,62.3,s1,False,distractor,0.751,62.3,0.534
KGH1988W,2024-07-09-14-01-36,58,dual,random,False,7,0.608,65,52.3,s2,False,distractor,0.634,63.3,1.435
KGH1988W,2024-07-09-14-01-36,58,dual,random,False,8,0.859,45,38.7,1s,True,target,1.118,49.7,1.184
KGH1988W,2024-07-09-14-01-36,58,dual,random,False,9,0.705,25,50.6,p2,True,target,0.617,37.6,1.184
KGH1988W,2024-07-09-14-01-36,59,single,descending,True,1,1.635,-25,-40.8,s1,False,target,0.617,-24.8,1.652
KGH1988W,2024-07-09-14-01-36,59,single,descending,True,2,0.965,-30,-44.6,1p,False,target,0.617,-32.6,1.268
KGH1988W,2024-07-09-14-01-36,59,single,descending,True,3,0.551,-35,-40.2,2p,False,target,0.617,-40.2,0.45
KGH1988W,2024-07-09-14-01-36,59,single,descending,True,4,0.823,-40,-60.7,2s,True,target,0.617,-36.7,2.502
KGH1988W,2024-07-09-14-01-36,59,single,descending,True,5,0.991,-45,-53.4,s2,False,target,0.617,-53.4,0.801
KGH1988W,2024-07-09-14-01-36,59,single,descending,True,6,0.603,-50,-52.5,p1,True,target,0.617,-52.5,0.467
KGH1988W,2024-07-09-14-01-36,59,single,descending,True,7,0.81,-55,-64.3,s1,False,target,0.617,-64.3,0.351
KGH1988W,2024-07-09-14-01-36,59,single,descending,True,8,0.882,-60,-33.6,1p,False,target,0.617,-64.6,2.185
KGH1988W,2024-07-09-14-01-36,59,single,descending,True,9,0.703,-65,-37.5,2p,False,target,0.617,-64.5,1.618
KGH1988W,2024-07-09-14-01-36,60,dual,ascending,False,1,1.58,25,40.9,s2,False,target,2.035,40.9,0.5
KGH1988W,2024-07-09-14-01-36,60,dual,ascending,False,2,0.932,30,44.5,1s,True,target,0.767,31.5,1.735
KGH1988W,2024-07-09-14-01-36,60,dual,ascending,False,3,0.649,35,30.5,2s,True,target,0.551,30.5,0.5
KGH1988W,2024-07-09-14-01-36,60,dual,ascending,False,4,0.814,40,25.5,p2,True,target,0.534,25.5,0.317
KGH1988W,2024-07-09-14-01-36,60,dual,ascending,False,5,0.944,45,29.4,p1,True,target,0.367,45.4,1.518
KGH1988W,2024-07-09-14-01-36,60,dual,ascending,False,6,0.918,50,43.3,2s,True,target,0.601,49.3,1.501
KGH1988W,2024-07-09-14-01-36,60,dual,ascending,False,7,0.755,55,60.7,p2,True,target,0.45,60.7,0.467
KGH1988W,2024-07-09-14-01-36,60,dual,ascending,False,8,0.605,60,41.0,s2,False,distractor,1.468,55.0,1.535
KGH1988W,2024-07-09-14-01-36,60,dual,ascending,False,9,0.676,65,45.3,s1,False,distractor,2.819,46.3,0.534
KGH1988W,2024-07-09-14-01-36,61,single,ascending,True,1,1.718,-65,-59.5,2p,False,distractor,2.819,-59.5,0.568
KGH1988W,2024-07-09-14-01-36,61,single,ascending,True,2,0.702,-60,-63.5,p1,True,distractor,2.819,-63.5,0.384
KGH1988W,2024-07-09-14-01-36,61,single,ascending,True,3,0.878,-55,-45.0,1s,True,distractor,2.819,-55.0,1.919
KGH1988W,2024-07-09-14-01-36,61,single,ascending,True,4,0.755,-50,-40.9,1p,False,distractor,2.819,-51.9,1.084
KGH1988W,2024-07-09-14-01-36,61,single,ascending,True,5,0.714,-45,-41.1,2p,False,distractor,2.819,-41.1,0.567
KGH1988W,2024-07-09-14-01-36,61,single,ascending,True,6,0.612,-40,-63.4,p2,True,distractor,2.819,-41.4,2.285
KGH1988W,2024-07-09-14-01-36,61,single,ascending,True,7,0.538,-35,-33.5,1s,True,distractor,2.819,-34.5,1.235
KGH1988W,2024-07-09-14-01-36,61,single,ascending,True,8,0.564,-30,-29.3,p1,True,distractor,2.819,-29.3,0.601
KGH1988W,2024-07-09-14-01-36,61,single,ascending,True,9,0.571,-25,-55.5,1p,False,distractor,2.819,-20.5,2.636
KGH1988W,2024-07-09-14-01-36,62,dual,descending,False,1,1.55,65,39.4,s2,False,target,1.802,54.4,1.635
KGH1988W,2024-07-09-14-01-36,62,dual,descending,False,2,0.934,60,57.4,s1,False,distractor,1.101,57.4,0.4
KGH1988W,2024-07-09-14-01-36,62,dual,descending,False,3,0.858,55,45.2,2s,True,target,0.567,45.2,0.217
KGH1988W,2024-07-09-14-01-36,62,dual,descending,False,4,0.765,50,49.4,s1,False,distractor,0.584,49.4,0.267
KGH1988W,2024-07-09-14-01-36,62,dual,descending,False,5,0.716,45,48.2,1p,False,distractor,0.551,48.2,0.284
KGH1988W,2024-07-09-14-01-36,62,dual,descending,False,6,0.696,40,56.2,p2,True,target,0.3,56.2,0.217
KGH1988W,2024-07-09-14-01-36,62,dual,descending,False,7,0.696,35,29.6,2s,True,target,0.634,44.6,1.434
KGH1988W,2024-07-09-14-01-36,62,dual,descending,False,8,0.528,30,53.3,1s,True,target,2.586,34.3,1.468
KGH1988W,2024-07-09-14-01-36,62,dual,descending,False,9,0.854,25,53.1,p1,True,target,0.501,32.1,1.318
